<?xml version="1.0" encoding="UTF-8"?>
<project-private xmlns="http://www.netbeans.org/ns/project-private/1">
    <editor-bookmarks xmlns="http://www.netbeans.org/ns/editor-bookmarks/2" lastBookmarkId="0"/>
    <open-files xmlns="http://www.netbeans.org/ns/projectui-open-files/2">
        <group>
            <file>file:/Users/CinaSMY/Desktop/CS4400/project/GTTrain/GTTrainProject/src/gttrainproject/ReservePageTwoController.java</file>
            <file>file:/Users/CinaSMY/Desktop/CS4400/project/GTTrain/GTTrainProject/src/gttrainproject/GlobalSetting.java</file>
            <file>file:/Users/CinaSMY/Desktop/CS4400/project/GTTrain/GTTrainProject/src/gttrainproject/UpdatePageThreeController.java</file>
            <file>file:/Users/CinaSMY/Desktop/CS4400/project/GTTrain/GTTrainProject/src/gttrainproject/UpdatePageTwoController.java</file>
            <file>file:/Users/CinaSMY/Desktop/CS4400/project/GTTrain/GTTrainProject/src/gttrainproject/ReservePageFiveController.java</file>
            <file>file:/Users/CinaSMY/Desktop/CS4400/project/GTTrain/GTTrainProject/src/gttrainproject/ReservePageOneController.java</file>
            <file>file:/Users/CinaSMY/Desktop/CS4400/project/GTTrain/GTTrainProject/src/gttrainproject/Reservation.java</file>
            <file>file:/Users/CinaSMY/Desktop/CS4400/project/GTTrain/GTTrainProject/src/gttrainproject/PopularPageController.java</file>
            <file>file:/Users/CinaSMY/Desktop/CS4400/project/GTTrain/GTTrainProject/src/gttrainproject/UpdatePageOneController.java</file>
            <file>file:/Users/CinaSMY/Desktop/CS4400/project/GTTrain/GTTrainProject/src/gttrainproject/ReservePageFourController.java</file>
            <file>file:/Users/CinaSMY/Desktop/CS4400/project/GTTrain/GTTrainProject/build.xml</file>
        </group>
    </open-files>
</project-private>
